<?xml version="1.0" encoding="UTF-8" ?>
<!DOCTYPE mapper  PUBLIC "-//mybatis.org//DTD Mapper 3.0//EN"  "http://mybatis.org/dtd/mybatis-3-mapper.dtd">
<mapper namespace="memberMapper">
	<select id="selectMember" parameterType="String" resultType="MemberVO">
		select member_id as memberId, pw, name from member_data where
		member_id= #{id}
	</select>

<!-- 결과값이 여러개이면, Collection이지만 Collection처리는 프레임웤이 알아서 해줌. 단 어떤 기준으로 묶어야하는지 알려주기 위해 리턴타입이 필요 그것이 VO인 것 -->
	<select id="selectMemberList" resultType="MemberVO">  
		select member_id as memberId, name from member_data
	</select>

	<insert id="addMember" parameterType="MemberVO">
		insert into member_data(member_id, pw, name) values (#{memberId}, #{pw}, #{name})
	</insert>
	<update id="updateMember" parameterType="MemberVO">
		update member_data set pw=#{pw} where member_id=#{memberId}
	</update>
	
	<delete id="removeMember" parameterType="String">
		delete from member_data where member_id=#{memberId}
	</delete>
</mapper>
